activity,precision,recall,f1,per_class_accuracy_same_as_recall,support
1,0.8534107402031931,0.588,0.6962699822380106,0.588,1000
2,0.6413130504403523,0.801,0.7123165851489551,0.801,1000
3,0.6795774647887324,0.772,0.7228464419475655,0.772,1000
4,0.9911838790931989,0.787,0.8773690078037905,0.787,1000
5,0.6095791001451378,0.84,0.7064760302775441,0.84,1000
6,0.4486447931526391,0.629,0.5237302248126561,0.629,1000
7,0.7808219178082192,0.57,0.6589595375722543,0.57,1000
8,0.5128617363344051,0.319,0.3933415536374846,0.319,1000
