activity,precision,recall,f1,per_class_accuracy_same_as_recall,support
1,0.6273972602739726,0.7624861265260822,0.688376753507014,0.7624861265260822,901
2,0.763458401305057,0.7370078740157481,0.75,0.7370078740157481,635
3,0.3839080459770115,0.7522522522522522,0.5083713850837138,0.7522522522522522,444
4,0.4772545889864326,0.8579626972740315,0.6133333333333333,0.8579626972740315,697
5,0.6258692628650904,0.6603081438004402,0.6426276329882185,0.6603081438004402,1363
6,0.6156477126977341,0.45757864632983797,0.5249726576740795,0.45757864632983797,3147
7,0.9012539184952978,0.5097517730496454,0.6511891279728199,0.5097517730496454,1128
8,0.3880022014309301,0.40331807780320367,0.3955119214586255,0.40331807780320367,1748
