experiment,hardware,channel_mode,channels,accuracy,macro_precision,macro_recall,macro_f1,weighted_precision,weighted_recall,weighted_f1,balanced_accuracy
real_train_to_real_test,A6000,6ch,"ACC_x,ACC_y,ACC_z,BVP,EDA,TEMP",0.5275762695021365,0.5202537986205759,0.5638077300539447,0.5324482151497528,0.5353668408305778,0.5275762695021365,0.5249043598895018,0.5638077300539447
real_train_to_synthetic_test,A6000,6ch,"ACC_x,ACC_y,ACC_z,BVP,EDA,TEMP",0.66325,0.6896740852457347,0.66325,0.6614136704297826,0.6896740852457347,0.66325,0.6614136704297825,0.66325
synthetic_train_to_real_test,A6000,6ch,"ACC_x,ACC_y,ACC_z,BVP,EDA,TEMP",0.5410911259067872,0.5810296357122702,0.6163923810122074,0.55980689842217,0.6191022868802877,0.5410911259067872,0.5352313600398593,0.6163923810122074
real_plus_synthetic_train_to_real_test,A6000,6ch,"ACC_x,ACC_y,ACC_z,BVP,EDA,TEMP",0.5671270992745702,0.5978489240039409,0.6425831988814052,0.5967978515022255,0.6000723504503376,0.5671270992745702,0.5667866715439343,0.6425831988814052
