activity,precision,recall,f1,per_class_accuracy_same_as_recall,support
1,0.37551206190259445,0.9156492785793563,0.5326016785022595,0.9156492785793563,901
2,0.7945425361155698,0.7795275590551181,0.7869634340222575,0.7795275590551181,635
3,0.28410513141426785,0.5112612612612613,0.36524537409493163,0.5112612612612613,444
4,0.6172839506172839,0.7890961262553802,0.6926952141057935,0.7890961262553802,697
5,0.534324942791762,0.6852531181217901,0.6004500160720025,0.6852531181217901,1363
6,0.7364394993045897,0.336510962821735,0.4619411123227917,0.336510962821735,3147
7,0.8032786885245902,0.39095744680851063,0.5259391771019678,0.39095744680851063,1128
8,0.5027502750275028,0.522883295194508,0.5126191811553561,0.522883295194508,1748
