activity,precision,recall,f1,per_class_accuracy_same_as_recall,support
1,0.3851851851851852,0.26378473753859727,0.3131299908364969,0.26378473753859727,4534
2,0.29538266919671097,0.29141965678627146,0.29338778074446364,0.29141965678627146,3205
3,0.2243020304568528,0.6209925340360123,0.32956531872742106,0.6209925340360123,2277
4,0.6946645536185948,0.3823785984297761,0.4932483120780195,0.3823785984297761,3439
5,0.38986131037780963,0.5987953577199941,0.47225118757965473,0.5987953577199941,6807
6,0.4438611840186643,0.5629530995709424,0.4963636956592636,0.5629530995709424,13518
7,0.20526315789473684,0.025107296137339054,0.04474187380497132,0.025107296137339054,4660
8,0.28668382869178566,0.14467934333293964,0.19230769230769232,0.14467934333293964,8467
