activity,precision,recall,f1,per_class_accuracy_same_as_recall,support
1,0.5384615384615384,0.9866814650388457,0.6967084639498433,0.9866814650388457,901
2,0.7735562310030395,0.8015748031496063,0.7873163186388245,0.8015748031496063,635
3,0.3353658536585366,0.7432432432432432,0.46218487394957986,0.7432432432432432,444
4,0.7481804949053857,0.7374461979913917,0.7427745664739884,0.7374461979913917,697
5,0.6882845188284519,0.4827586206896552,0.567485985338508,0.4827586206896552,1363
6,0.5612745098039216,0.5093740069907848,0.5340663001832417,0.5093740069907848,3147
7,0.8333333333333334,0.5319148936170213,0.6493506493506493,0.5319148936170213,1128
8,0.5402965828497743,0.4794050343249428,0.5080327371930888,0.4794050343249428,1748
