activity,precision,recall,f1,per_class_accuracy_same_as_recall,support
1,0.6592465753424658,0.8546059933407325,0.7443209279845336,0.8546059933407325,901
2,0.5716129032258065,0.6976377952755906,0.6283687943262412,0.6976377952755906,635
3,0.3175033921302578,0.527027027027027,0.39627434377646065,0.527027027027027,444
4,0.34541577825159914,0.4648493543758967,0.3963302752293578,0.4648493543758967,697
5,0.6023351648351648,0.6434336023477623,0.6222064561901384,0.6434336023477623,1363
6,0.5371900826446281,0.47505560851604706,0.5042158516020236,0.47505560851604706,3147
7,0.7029339853300733,0.5097517730496454,0.590955806783145,0.5097517730496454,1128
8,0.4257925072046109,0.33810068649885583,0.37691326530612246,0.33810068649885583,1748
