experiment,hardware,channel_mode,channels,accuracy,macro_precision,macro_recall,macro_f1,weighted_precision,weighted_recall,weighted_f1,balanced_accuracy
real_train_to_real_test,A6000,6ch,"ACC_x,ACC_y,ACC_z,BVP,EDA,TEMP",0.5275762695021365,0.5202537986205759,0.5638077300539447,0.5324482151497528,0.5353668408305778,0.5275762695021365,0.5249043598895018,0.5638077300539447
real_train_to_synthetic_test,A6000,6ch,"ACC_x,ACC_y,ACC_z,BVP,EDA,TEMP",0.3813290127273115,0.36565048993004257,0.36126382794398404,0.3293744814672479,0.3758628333996753,0.3813290127273115,0.3532087966869414,0.36126382794398404
synthetic_train_to_real_test,A6000,6ch,"ACC_x,ACC_y,ACC_z,BVP,EDA,TEMP",0.536221802643347,0.4915077330721793,0.5465017437003983,0.5050212849012548,0.5692077599811153,0.536221802643347,0.5367654291999638,0.5465017437003983
real_plus_synthetic_train_to_real_test,A6000,6ch,"ACC_x,ACC_y,ACC_z,BVP,EDA,TEMP",0.5903806022061016,0.6273441328554976,0.6590497831306864,0.6184899868847156,0.6196608769901368,0.5903806022061016,0.5888207241373892,0.6590497831306864
