activity,precision,recall,f1,per_class_accuracy_same_as_recall,support
1,0.5478260869565217,0.9089900110987791,0.6836393989983306,0.9089900110987791,901
2,0.5031685678073511,0.6251968503937008,0.5575842696629213,0.6251968503937008,635
3,0.2011605415860735,0.23423423423423423,0.21644120707596254,0.23423423423423423,444
4,0.3075601374570447,0.5136298421807748,0.38473938742611496,0.5136298421807748,697
5,0.6066252587991718,0.6449009537784299,0.6251778093883357,0.6449009537784299,1363
6,0.743980343980344,0.48109310454401016,0.584330374372829,0.48109310454401016,3147
7,0.5532094594594594,0.5806737588652482,0.5666089965397924,0.5806737588652482,1128
8,0.46853146853146854,0.38329519450800914,0.42164883574575207,0.38329519450800914,1748
