channel,activity,real_sampled_windows,synthetic_sampled_windows,real_to_nearest_real_mse_mean,real_to_nearest_real_mse_median,real_to_nearest_real_mse_p05,real_to_nearest_real_mse_p95,syn_to_nearest_syn_mse_mean,syn_to_nearest_syn_mse_median,syn_to_nearest_syn_mse_p05,syn_to_nearest_syn_mse_p95,syn_to_nearest_real_mse_mean,syn_to_nearest_real_mse_median,syn_to_nearest_real_mse_p05,syn_to_nearest_real_mse_p95,syn_nn_vs_real_nn_ratio,syn_nearest_real_vs_real_nn_ratio
ACC_x,4.5,1000.0,1000.0,0.3717796348500997,0.2293869238346815,0.04386253343545832,1.1267439741641283,0.32908394443802536,0.18243183102458715,0.04853012698004022,1.0660403026267886,0.34508172795176506,0.20344913424924016,0.038015752579667605,1.0879612024873495,0.9687385010964282,1.0462515821626253
ACC_y,4.5,1000.0,1000.0,0.1343013575533405,0.09356437949463725,0.02402366481618401,0.3893386283889413,0.1543988820631057,0.11270657973363996,0.028628675481741084,0.4059656234458089,0.18638229370117188,0.14264682913199067,0.026489433155802544,0.47941262228414416,1.1069731541439571,1.360753221338565
ACC_z,4.5,1000.0,1000.0,0.25390234775841236,0.15423761447891593,0.02531972245998304,0.8071185126900673,0.23409151006489992,0.12807517778128386,0.03808482503518462,0.7641847617924213,0.2526159221306443,0.15202893875539303,0.030510383177897893,0.79101487621665,0.988380354833529,1.077852388569413
BVP,4.5,1000.0,1000.0,0.8174395766109228,0.39475589990615845,0.05201368872076273,2.865480400621891,0.679440088570118,0.2939223162829876,0.07531142584048212,2.5793328657746315,0.6586374547332525,0.26869400404393673,0.0421786995138973,2.48635246232152,0.8642256297516997,0.8420721284676861
EDA,4.5,1000.0,1000.0,0.00136789317275543,0.0003819860648945905,1.211017394098235e-05,0.004694624274634407,0.001352683148070355,0.0007127502467483282,0.00026801317108038347,0.0043363280510675395,0.003435980608628597,0.0008837904206302483,0.0002379648385613109,0.01362652714306023,1.16918502336035,30.957095518725513
TEMP,4.5,1000.0,1000.0,6.249234047572827e-06,3.6507844924926758e-06,1.4901161193847656e-07,1.4792382671657833e-05,0.00013767307018497377,0.0001088455319404602,5.96661125200626e-05,0.0002894945437219576,0.00015903454823273933,0.00010214745998382568,3.812909108091844e-05,0.00039034262590575963,22.130725841066862,26.053486368613928
