channel,activity,real_num_windows,syn_num_windows,real_mean,syn_mean,abs_mean_diff,real_std,syn_std,abs_std_diff,histogram_overlap_higher_better,ks_statistic_lower_better,real_abs_derivative_mean,syn_abs_derivative_mean,abs_derivative_mean_diff,real_spike_rate_real_99pct_threshold,syn_spike_rate_real_99pct_threshold,fft_logmag_mae_lower_better,fft_logmag_corr_higher_better
ACC_x,4.5,5863.375,1000.0,0.08427750319242477,-0.12659169733524323,0.210869200527668,0.9308328032493591,0.8731150701642036,0.08164235204458237,0.7979837843626261,0.16055999999999998,0.14636900159530342,0.18946528597734869,0.04309628438204527,0.009803076139963769,0.012340019569471625,0.24046175740659237,0.9939595738594956
ACC_y,4.5,5863.375,1000.0,0.2592301368713379,0.22966160625219345,0.10631031543016434,0.8465959653258324,0.648421298712492,0.19817466661334038,0.6955279012471922,0.2161725,0.07839705899823457,0.10890368081163615,0.03050662181340158,0.009850833648654059,0.01827592954990215,0.2451097909361124,0.9873333507687371
ACC_z,4.5,5863.375,1000.0,-0.07622899580746889,-0.2793590482324362,0.2031300524249673,0.8664391413331032,0.8200633376836777,0.0831310972571373,0.7601976076124849,0.20749625,0.1019975304370746,0.14528528414666653,0.043287753709591925,0.009809217704899481,0.013710861056751468,0.2741946931928396,0.9888272154796618
BVP,4.5,5863.375,1000.0,2.7336159263313675e-05,0.019371272559510544,0.01934393640024723,1.027465172111988,1.0543516054749489,0.03085857629776001,0.9571270043421282,0.035193750000000024,0.10042157163843513,0.13817847799509764,0.03775690635666251,0.00999797734040606,0.01434711350293542,0.3864411525428295,0.9950195437467317
EDA,4.5,5863.375,1000.0,0.12327808048576117,0.17338560428470373,0.09213009104132652,0.8325762413442135,0.4678680021315813,0.3647082392126322,0.548102333330369,0.29944125,0.0004861768557020696,0.006287126161623746,0.005800949305921677,0.009927342458880457,0.5883091976516633,0.1314683286473155,0.9811095329391669
TEMP,4.5,5863.375,1000.0,-1.0406020507216454,-1.0185079723596573,0.04527173191308975,0.20174832176417112,0.12554230727255344,0.07620601449161768,0.6213603945959705,0.2609825,2.9411448167593335e-05,0.004747379192849621,0.004717967744682028,0.008701236130245937,0.9296932485322896,0.13739580754190683,0.9876690207377243
