channel,activity,real_sampled_windows,synthetic_sampled_windows,real_to_nearest_real_mse_mean,real_to_nearest_real_mse_median,real_to_nearest_real_mse_p05,real_to_nearest_real_mse_p95,syn_to_nearest_syn_mse_mean,syn_to_nearest_syn_mse_median,syn_to_nearest_syn_mse_p05,syn_to_nearest_syn_mse_p95,syn_to_nearest_real_mse_mean,syn_to_nearest_real_mse_median,syn_to_nearest_real_mse_p05,syn_to_nearest_real_mse_p95,syn_nn_vs_real_nn_ratio,syn_nearest_real_vs_real_nn_ratio
ACC_x,4.5,1000.0,1000.0,0.37553296820260584,0.23758009145967662,0.04325116613108548,1.1171820554882288,0.053788170451298356,0.047717032954096794,0.024985182099044323,0.10065025370568037,0.12299149855971336,0.10838828422129154,0.03970980166923255,0.25318065099418163,0.3353069617667315,0.6596213708496567
ACC_y,4.5,1000.0,1000.0,0.13084528024774045,0.09129169264633674,0.02331179532848182,0.37512081302702427,0.0263156023574993,0.022849452681839466,0.010407261754153296,0.05325029161758721,0.09207780542783439,0.07001722906716168,0.019590018724557012,0.2316700890660286,0.46800802887502,1.1923007634715939
ACC_z,4.5,1000.0,1000.0,0.25234592985361814,0.15378837287425995,0.023111292769328884,0.8148638308048248,0.042735130758956075,0.034961188212037086,0.016783955041319132,0.09423047164455056,0.1053690193220973,0.08311656769365072,0.02898605028167367,0.25478959642350674,0.34833936327064097,0.7417804397810461
BVP,4.5,1000.0,1000.0,0.8144207876175642,0.40509806387126446,0.052709136391058564,2.858855165541172,0.4119073264300823,0.3786000609397888,0.19738232344388962,0.7379064485430717,0.45224209874868393,0.41033225134015083,0.17993164248764515,0.8616969957947731,0.713931650643912,0.7704490808567213
EDA,4.5,1000.0,1000.0,0.0012939084017489222,0.0004086218832526356,1.3926074609482697e-05,0.004912803700790391,0.0035423359367996454,0.003350245824549347,0.0021707541309297085,0.005277791933622211,0.003948448924347758,0.0028436625143513083,0.0015710004154243506,0.007843280676752329,16.37068947583549,41.50193630294521
TEMP,4.5,1000.0,1000.0,6.363123588926101e-06,3.6507844924926758e-06,1.4528632519272833e-08,1.4072656654207094e-05,0.0014162194856908172,0.0013541057705879211,0.0009662393567850813,0.0020648822392104194,0.0013214607170084491,0.0011748746037483215,0.0007460162014467642,0.002054890224826522,253.2620111422196,241.2456831259487
