channel,activity,real_num_windows,syn_num_windows,real_mean,syn_mean,abs_mean_diff,real_std,syn_std,abs_std_diff,histogram_overlap_higher_better,ks_statistic_lower_better,real_abs_derivative_mean,syn_abs_derivative_mean,abs_derivative_mean_diff,real_spike_rate_real_99pct_threshold,syn_spike_rate_real_99pct_threshold,fft_logmag_mae_lower_better,fft_logmag_corr_higher_better
ACC_x,4.5,5863.375,5863.375,0.08427750319242477,-0.05819379258900881,0.15737024415284395,0.9308328032493591,0.5551963150501251,0.375636488199234,0.6997078624433826,0.21958374999999997,0.14636900159530342,0.03354819444939494,0.11716279457323253,0.009803076139963769,0.00018719014562614236,0.6627752780914307,0.8030259271921053
ACC_y,4.5,5863.375,5863.375,0.2592301368713379,0.17603556253015995,0.1676905695348978,0.8465959653258324,0.5661262795329094,0.280469685792923,0.6609264210292846,0.23650749999999998,0.07839705899823457,0.03651957167312503,0.05983880010899156,0.009850833648654059,0.02574577751320262,0.46037872321903706,0.8257658414593813
ACC_z,4.5,5863.375,5863.375,-0.07622899580746889,0.061348535935394466,0.22413823555689305,0.8664391413331032,0.5695654787123203,0.29687366262078285,0.7170972306097917,0.22465125,0.1019975304370746,0.03159904363565147,0.07654941349755973,0.009809217704899481,0.0004360728696500246,0.5741768684238195,0.8143792902437974
BVP,4.5,5863.375,5863.375,2.7336159263313675e-05,0.004141623516261461,0.009048693870710167,1.027465172111988,0.7617726773023605,0.301221139729023,0.9150758177143986,0.043769999999999996,0.10042157163843513,0.0717291897162795,0.032775530125945807,0.00999797734040606,0.0006175555281866383,0.1875969748944044,0.9622902602383059
EDA,4.5,5863.375,5863.375,0.12327808048576117,0.05338700208812952,0.1980616580694914,0.8325762413442135,0.4665439613163471,0.36603228002786636,0.5941192851661448,0.2843525,0.0004861768557020696,0.030207348288968205,0.029721171433266136,0.009927342458880457,0.9152608621327076,0.37594592198729515,0.848921358580293
TEMP,4.5,5863.375,5863.375,-1.0406020507216454,-1.009249523282051,0.03681375831365585,0.20174832176417112,0.16457915306091309,0.04514946136623621,0.7026841150080665,0.1782475,2.9411448167593335e-05,0.02738974872045219,0.027360337272284596,0.008701236130245937,0.9913144594152778,0.35854774713516235,0.8806528090020038
