activity,precision,recall,f1,per_class_accuracy_same_as_recall,support
1,0.7782705099778271,0.702,0.7381703470031545,0.702,1000
2,0.43110394842868655,0.535,0.47746541722445335,0.535,1000
3,0.4862236628849271,0.9,0.6313574184496668,0.9,1000
4,0.9354497354497354,0.884,0.9089974293059125,0.884,1000
5,0.5025125628140703,0.9,0.6449301325689717,0.9,1000
6,0.288785046728972,0.309,0.2985507246376812,0.309,1000
7,0.0,0.0,0.0,0.0,1000
8,0.5,0.1,0.16666666666666666,0.1,1000
