activity,precision,recall,f1,per_class_accuracy_same_as_recall,support
1,0.5113702623906705,0.9733629300776915,0.6704892966360856,0.9733629300776915,901
2,0.678407350689127,0.6976377952755906,0.687888198757764,0.6976377952755906,635
3,0.4365284974093264,0.759009009009009,0.5542763157894737,0.759009009009009,444
4,0.3914940021810251,0.5150645624103299,0.4448574969021066,0.5150645624103299,697
5,0.5574282147315855,0.6551724137931034,0.6023608768971332,0.6551724137931034,1363
6,0.39689206215875683,0.30028598665395617,0.3418958031837916,0.30028598665395617,3147
7,0.8249158249158249,0.43439716312056736,0.5691056910569106,0.43439716312056736,1128
8,0.42267319804058784,0.34553775743707094,0.3802329241422726,0.34553775743707094,1748
