experiment,hardware,channel_mode,channels,accuracy,macro_precision,macro_recall,macro_f1,weighted_precision,weighted_recall,weighted_f1,balanced_accuracy
real_train_to_real_test,A6000,6ch,"ACC_x,ACC_y,ACC_z,BVP,EDA,TEMP",0.5275762695021365,0.5202537986205759,0.5638077300539447,0.5324482151497528,0.5353668408305778,0.5275762695021365,0.5249043598895018,0.5638077300539447
real_train_to_synthetic_test,A6000,6ch,"ACC_x,ACC_y,ACC_z,BVP,EDA,TEMP",0.54125,0.49029318328552735,0.54125,0.48326726698206335,0.49029318328552735,0.54125,0.48326726698206335,0.54125
synthetic_train_to_real_test,A6000,6ch,"ACC_x,ACC_y,ACC_z,BVP,EDA,TEMP",0.4544370466063798,0.5053428203986066,0.5265797337965119,0.4706649810296804,0.561743898706864,0.4544370466063798,0.4339802441385058,0.5265797337965119
real_plus_synthetic_train_to_real_test,A6000,6ch,"ACC_x,ACC_y,ACC_z,BVP,EDA,TEMP",0.4917022756633211,0.527463676564613,0.5850584522221649,0.5313883254206923,0.500482462828606,0.4917022756633211,0.47705918322316015,0.5850584522221649
