activity,precision,recall,f1,per_class_accuracy_same_as_recall,support
1,0.34045517882025084,0.8135405105438401,0.48002619515389655,0.8135405105438401,901
2,0.8609958506224067,0.6535433070866141,0.7430617726051925,0.6535433070866141,635
3,0.18238021638330756,0.26576576576576577,0.21631530705774518,0.26576576576576577,444
4,0.4051580698835274,0.6987087517934003,0.5129015271195366,0.6987087517934003,697
5,0.6295774647887324,0.6559060895084373,0.6424721523535752,0.6559060895084373,1363
6,0.7521739130434782,0.16491897044804577,0.2705238467552776,0.16491897044804577,3147
7,0.5056294779938587,0.4379432624113475,0.4693586698337292,0.4379432624113475,1128
8,0.36637239165329055,0.5223112128146453,0.43066037735849055,0.5223112128146453,1748
