{
  "loss": 0.2529025599360466,
  "recon_loss": 0.0022098429900644398,
  "prior_recon_loss": 0.49031323436144236,
  "pred_loss": 0.0009941255093262706,
  "kl_loss": 0.4541973427340791
}