{
    "experiment_name": "kovae_konly_latent128",
    "description": "Test-set evaluation for KoVAE K-only model",
    "test_summary": {
        "reconstruction_loss": 0.026199580170214176,
        "koopman_latent_loss": 0.5830086668332418,
        "future_prediction_loss": 0.27653222779432934,
        "identity_baseline_latent_loss": 0.829245388507843,
        "identity_baseline_future_prediction_loss": 0.3864331195751826
    },
    "improvement_over_identity": {
        "latent_improvement": 0.2462367216746012,
        "latent_improvement_percent": 29.694071873909767,
        "future_prediction_improvement": 0.10990089178085327,
        "future_prediction_improvement_percent": 28.439822109882968
    },
    "per_channel_future_mse": {
        "BVP": 1.10402250289917,
        "ACC_X": 0.30824369192123413,
        "ACC_Y": 0.09969296306371689,
        "ACC_Z": 0.13848468661308289,
        "EDA": 0.005683309398591518,
        "TEMP": 0.003066259901970625
    },
    "per_channel_identity_future_mse": {
        "BVP": 1.552943229675293,
        "ACC_X": 0.43880948424339294,
        "ACC_Y": 0.13801559805870056,
        "ACC_Z": 0.1822163164615631,
        "EDA": 0.004367440938949585,
        "TEMP": 0.002246555406600237
    }
}