{
    "experiment_name": "kovae_konly_latent128",
    "description": "Koopman-only training using frozen pretrained VAE encoder and decoder",
    "model_info": {
        "latent_dim": 128,
        "koopman_matrix_shape": [
            128,
            128
        ],
        "encoder_decoder_status": "frozen",
        "trainable_part": "Koopman matrix only"
    },
    "training_config": {
        "epochs": 50,
        "batch_size": 64,
        "learning_rate": 0.001,
        "lambda_pred": 0.1,
        "optimizer": "Adam",
        "loss_formula": "koopman_latent_loss + lambda_pred * future_pred_loss"
    },
    "data_info": {
        "total_pairs": 2301,
        "train_size": 1610,
        "val_size": 345,
        "test_size": 346,
        "input_shape": [
            6,
            512
        ],
        "normalization": "channel-wise z-score normalization"
    },
    "initial_reference_losses": {
        "reconstruction_loss_before_k_training": 0.08148340880870819,
        "koopman_latent_loss_before_k_training": 1.266413688659668,
        "future_prediction_loss_before_k_training": 0.5977944731712341
    },
    "final_losses": {
        "train_total_loss": 1.1345949172973633,
        "train_koopman_latent_loss": 1.0850772857666016,
        "train_future_pred_loss": 0.4951765537261963,
        "val_total_loss": 0.9111577272415161,
        "val_koopman_latent_loss": 0.8672240972518921,
        "val_future_pred_loss": 0.43933653831481934
    },
    "train_history": {
        "total_loss": [
            1.5832537412643433,
            1.1969242095947266,
            1.2504035234451294,
            1.421594500541687,
            1.5780019760131836,
            1.4891772270202637,
            1.4368627071380615,
            1.2692780494689941,
            1.4032886028289795,
            1.3514529466629028,
            1.383596658706665,
            1.355546474456787,
            1.522208571434021,
            1.4710623025894165,
            1.5450162887573242,
            1.2670708894729614,
            1.5168702602386475,
            1.2387031316757202,
            1.4668476581573486,
            1.4465357065200806,
            1.4544934034347534,
            1.2210806608200073,
            1.1919387578964233,
            1.179252028465271,
            1.1765438318252563,
            1.3322113752365112,
            1.2075084447860718,
            1.2785392999649048,
            1.108304500579834,
            1.2384872436523438,
            1.1371349096298218,
            1.0449906587600708,
            1.4659998416900635,
            1.180405616760254,
            1.2044388055801392,
            1.3525185585021973,
            1.0511887073516846,
            1.1289594173431396,
            1.097059965133667,
            1.183803915977478,
            0.9632202982902527,
            0.942641019821167,
            1.0578672885894775,
            1.0857124328613281,
            1.1318923234939575,
            1.2310295104980469,
            0.9975792169570923,
            1.0526440143585205,
            0.9644289016723633,
            1.1345949172973633
        ],
        "koopman_latent_loss": [
            1.5146416425704956,
            1.1451619863510132,
            1.1967136859893799,
            1.3619153499603271,
            1.510278344154358,
            1.4277857542037964,
            1.376744031906128,
            1.2114131450653076,
            1.3419363498687744,
            1.2959895133972168,
            1.3210258483886719,
            1.299377202987671,
            1.454850673675537,
            1.4075384140014648,
            1.4831352233886719,
            1.2106131315231323,
            1.4547227621078491,
            1.1843191385269165,
            1.4061787128448486,
            1.3859868049621582,
            1.3927489519119263,
            1.1676836013793945,
            1.1420363187789917,
            1.1305667161941528,
            1.1265358924865723,
            1.2757803201675415,
            1.15224289894104,
            1.2189033031463623,
            1.0610244274139404,
            1.1819877624511719,
            1.088192105293274,
            1.0001709461212158,
            1.4038822650909424,
            1.1273480653762817,
            1.1531598567962646,
            1.2926795482635498,
            1.004075050354004,
            1.0768897533416748,
            1.0485849380493164,
            1.1296558380126953,
            0.9235444664955139,
            0.9013146162033081,
            1.0106136798858643,
            1.0389378070831299,
            1.082226037979126,
            1.1770658493041992,
            0.9528721570968628,
            1.007033348083496,
            0.9222623109817505,
            1.0850772857666016
        ],
        "future_pred_loss": [
            0.6861213445663452,
            0.5176217555999756,
            0.5368984937667847,
            0.5967919826507568,
            0.6772359609603882,
            0.6139149069786072,
            0.6011865139007568,
            0.578649640083313,
            0.6135231256484985,
            0.5546340346336365,
            0.6257083415985107,
            0.5616928935050964,
            0.6735789179801941,
            0.6352391242980957,
            0.6188102960586548,
            0.5645778179168701,
            0.6214744448661804,
            0.5438393950462341,
            0.6066899299621582,
            0.6054894924163818,
            0.6174440383911133,
            0.5339709520339966,
            0.4990248680114746,
            0.48685312271118164,
            0.5000793933868408,
            0.5643101930618286,
            0.5526558756828308,
            0.5963599681854248,
            0.4728012979030609,
            0.5649944543838501,
            0.4894285202026367,
            0.448197603225708,
            0.62117600440979,
            0.5305759906768799,
            0.5127893090248108,
            0.5983904600143433,
            0.4711361825466156,
            0.5206964015960693,
            0.48475027084350586,
            0.5414809584617615,
            0.39675843715667725,
            0.41326403617858887,
            0.4725366532802582,
            0.4677467346191406,
            0.4966627061367035,
            0.5396369695663452,
            0.44707033038139343,
            0.45610710978507996,
            0.4216657876968384,
            0.4951765537261963
        ]
    },